<?xml version="1.0" encoding="UTF-8" standalone="yes"?>
<ns2:ExportManifest xmlns:ns2="http://www.pentaho.com/schema/">
    <ExportManifestInformation exportDate="29-10-2020 11:52:05 UTC" exportBy="admin" rootFolder="/home/" manifestVersion="2"/>
    <ExportManifestEntity path="dashboard_estudiantes.wcdf">
        <ExportManifestProperty>
            <EntityMetaData name="dashboard_estudiantes.wcdf" createdDate="2020-10-29T19:41:00.971Z" isFolder="false" path="dashboard_estudiantes.wcdf" isHidden="false" isSchedulable="true" locale="en_US" description="dashboard_estudiantes" title="dashboard_estudiantes"/>
        </ExportManifestProperty>
        <ExportManifestProperty>
            <EntityAcl>
                <entriesInheriting>true</entriesInheriting>
                <owner>admin</owner>
                <ownerType>USER</ownerType>
            </EntityAcl>
        </ExportManifestProperty>
    </ExportManifestEntity>
</ns2:ExportManifest>
