<Schema name="New Schema2">
  <Dimension type="StandardDimension" visible="true" name="tipos_medio">
    <Hierarchy name="New Hierarchy 0" visible="true" hasAll="true">
      <Table name="tipos_medio" schema="public" alias="tipos_medio_d">
      </Table>
      <Level name="New Level 0" visible="true" column="id_tipo" nameColumn="descripcion" uniqueMembers="false">
      </Level>
    </Hierarchy>
  </Dimension>
  <Dimension type="StandardDimension" visible="true" foreignKey="id_provincia" name="ciudades">
    <Hierarchy name="ciudades" visible="true" hasAll="true">
      <Table name="ciudades" schema="public" alias="">
      </Table>
      <Level name="New Level 0" visible="true" column="id_ciudad" uniqueMembers="false">
      </Level>
    </Hierarchy>
    <Hierarchy name="provincias" visible="true" hasAll="true">
      <Table name="provincias" schema="public" alias="provincias_d">
      </Table>
      <Level name="New Level 0" visible="true" column="id_provincia" nameColumn="nombre" uniqueMembers="false">
      </Level>
    </Hierarchy>
  </Dimension>
  <Dimension type="StandardDimension" visible="true" name="especialidades">
    <Hierarchy name="New Hierarchy 0" visible="true" hasAll="true">
      <Table name="especialidades" schema="public" alias="especialidades_d">
      </Table>
    </Hierarchy>
  </Dimension>
  <Cube name="medios" visible="true" cache="true" enabled="true">
    <Table name="medios" schema="public" alias="medios_h">
    </Table>
    <DimensionUsage source="tipos_medio" name="tipos_medio" visible="true" foreignKey="id_tipo_medio">
    </DimensionUsage>
    <DimensionUsage source="ciudades" name="ciudades" visible="true" foreignKey="id_ciudad">
    </DimensionUsage>
    <DimensionUsage source="especialidades" name="especialidades" visible="true" foreignKey="id_especialidad">
    </DimensionUsage>
    <Measure name="cantidad" column="id_medio" aggregator="count" visible="true">
    </Measure>
  </Cube>
</Schema>
